1-6041-6042-6043,3186-3711
1-6041-6042-6043,1270-3709
1-6041-6042-6043,1721-3711
1-6041-6042-6043,1022-3707
1-6041-6042-6043,2340-3714
1-6041-6042-6043,1836-3711
1-6041-6042-6043,3408-3711
1-6041-6042-6043,2804-3709
1-6041-6042-6043,1207-3711
1-6041-6042-6043,1193-3711
1-6041-6042-6043,720-3707
1-6041-6042-6043,260-3710
1-6041-6042-6043,919-3708
1-6041-6042-6043,608-3713
1-6041-6042-6043,2692-3710
1-6041-6042-6043,1961-3711
1-6041-6042-6043,2028-3710
1-6041-6042-6043,3105-3711
1-6041-6042-6043,938-3724
1-6041-6042-6043,1035-3724
1-6041-6042-6043,1962-3711
1-6041-6042-6043,2018-3707
1-6041-6042-6043,150-3711
1-6041-6042-6043,1028-3715
1-6041-6042-6043,1097-3715
1-6041-6042-6043,914-3724
1-6041-6042-6043,1287-3710
1-6041-6042-6043,2797-3709
1-6041-6042-6043,2762-3712
1-6041-6042-6043,1246-3711
1-6041-6042-6043,661-3707
1-6041-6042-6043,2918-3709
1-6041-6042-6043,531-3715
1-6041-6042-6043,3114-3707
1-6041-6042-6043,2791-3709
1-6041-6042-6043,2321-3709
1-6041-6042-6043,1029-3707
1-6041-6042-6043,1197-3710
1-6041-6042-6043,594-3707
1-6041-6042-6043,2398-3711
1-6041-6042-6043,1545-3711
1-6041-6042-6043,527-3711
1-6041-6042-6043,595-3707
1-6041-6042-6043,2687-3707
1-6041-6042-6043,745-3707
1-6041-6042-6043,588-3707
1-6041-6042-6043,1-3707
1-6041-6042-6043,2355-3707
1-6041-6042-6043,2294-3707
1-6041-6042-6043,783-3707
1-6041-6042-6043,1566-3708
1-6041-6042-6043,1907-3707
2-6044-6045-6046,1198-3710
2-6044-6045-6046,1210-3710
2-6044-6045-6046,1217-3711
2-6044-6045-6046,2717-3709
2-6044-6045-6046,1293-3711
2-6044-6045-6046,2943-3711
2-6044-6045-6046,1225-3711
2-6044-6045-6046,1193-3711
2-6044-6045-6046,318-3711
2-6044-6045-6046,3030-3709
2-6044-6045-6046,2858-3709
2-6044-6045-6046,1213-3713
2-6044-6045-6046,1945-3713
2-6044-6045-6046,1207-3711
2-6044-6045-6046,593-3711
2-6044-6045-6046,3095-3711
2-6044-6045-6046,3468-3711
2-6044-6045-6046,1873-3711
2-6044-6045-6046,515-3711
2-6044-6045-6046,1090-3711
2-6044-6045-6046,2501-3711
2-6044-6045-6046,3035-3709
2-6044-6045-6046,110-3710
2-6044-6045-6046,2067-3711
2-6044-6045-6046,3147-3711
2-6044-6045-6046,1247-3711
2-6044-6045-6046,3105-3711
2-6044-6045-6046,1357-3711
2-6044-6045-6046,1196-3710
2-6044-6045-6046,1957-3711
2-6044-6045-6046,1953-3710
2-6044-6045-6046,920-3711
2-6044-6045-6046,1834-3711
2-6044-6045-6046,1084-3713
2-6044-6045-6046,1962-3711
2-6044-6045-6046,3471-3711
2-6044-6045-6046,3654-3710
2-6044-6045-6046,3735-3713
2-6044-6045-6046,1259-3708
2-6044-6045-6046,1954-3710
2-6044-6045-6046,1784-3709
2-6044-6045-6046,2728-3711
2-6044-6045-6046,1968-3709
2-6044-6045-6046,1103-3711
2-6044-6045-6046,902-3711
2-6044-6045-6046,3451-3709
2-6044-6045-6046,3578-3710
2-6044-6045-6046,2852-3711
